№; Номер; Ссылка;
USA
1;+16202368070 ;/info/16202368070/
2;+16202368071 ;/info/16202368071/
3;+14849383938 ;/info/14849383938/
4;+17134971336 ;/info/17134971336/
5;+16202368072 ;/info/16202368072/
6;+19522067417 ;/info/19522067417/
7;+16202368073 ;/info/16202368073/
8;+15344295321 ;/info/15344295321/
9;+16202368074 ;/info/16202368074/
10;+15344295372 ;/info/15344295372/
11;+16202368075 ;/info/16202368075/
12;+15344295501 ;/info/15344295501/
13;+15344295519 ;/info/15344295519/
14;+19522067474 ;/info/19522067474/
15;+12342303820 ;/info/12342303820/
16;+17136772355 ;/info/17136772355/
17;+14849099632 ;/info/14849099632/
18;+19522068712 ;/info/19522068712/
19;+19522068714 ;/info/19522068714/
20;+12342303821 ;/info/12342303821/
21;+14849099633 ;/info/14849099633/
22;+12342303822 ;/info/12342303822/
23;+18287953397 ;/info/18287953397/
24;+12342303826 ;/info/12342303826/
25;+14849099634 ;/info/14849099634/
26;+13163305339 ;/info/13163305339/
27;+18287953398 ;/info/18287953398/
28;+17136772390 ;/info/17136772390/
29;+14849099635 ;/info/14849099635/
30;+14849099636 ;/info/14849099636/
31;+13163305343 ;/info/13163305343/
32;+16202368084 ;/info/16202368084/
33;+14849099637 ;/info/14849099637/
34;+14849099638 ;/info/14849099638/
35;+14849099639 ;/info/14849099639/
36;+19522068715 ;/info/19522068715/
37;+13163305345 ;/info/13163305345/
38;+18287953399 ;/info/18287953399/
39;+14849099640 ;/info/14849099640/
40;+13163305347 ;/info/13163305347/
41;+18287953401 ;/info/18287953401/
42;+19522068717 ;/info/19522068717/
43;+14849099641 ;/info/14849099641/
44;+19522068733 ;/info/19522068733/
45;+18287953402 ;/info/18287953402/
Canada
1;+12048199927 ;/info/12048199927/
2;+13068014016 ;/info/13068014016/
3;+17787694272 ;/info/17787694272/
4;+16137044957 ;/info/16137044957/
5;+13068014015 ;/info/13068014015/
6;+13068014013 ;/info/13068014013/
7;+13068014012 ;/info/13068014012/
8;+12048199930 ;/info/12048199930/
9;+17787694273 ;/info/17787694273/
10;+17787694276 ;/info/17787694276/
11;+16393917079 ;/info/16393917079/
12;+13068014008 ;/info/13068014008/
13;+17057104052 ;/info/17057104052/
14;+17057104053 ;/info/17057104053/
15;+17787694472 ;/info/17787694472/
16;+17787694474 ;/info/17787694474/
17;+15488004022 ;/info/15488004022/
18;+12048180925 ;/info/12048180925/
19;+16393908554 ;/info/16393908554/
20;+17787694475 ;/info/17787694475/
21;+19029010845 ;/info/19029010845/
22;+12048180926 ;/info/12048180926/
23;+19029010844 ;/info/19029010844/
24;+19029010843 ;/info/19029010843/
25;+15488004054 ;/info/15488004054/
26;+13658014082 ;/info/13658014082/
27;+17787694476 ;/info/17787694476/
28;+13658014089 ;/info/13658014089/
29;+17787694479 ;/info/17787694479/
30;+14373718046 ;/info/14373718046/
31;+12048180921 ;/info/12048180921/
32;+17787694480 ;/info/17787694480/
33;+16049008895 ;/info/16049008895/
34;+13658014090 ;/info/13658014090/
35;+14373718075 ;/info/14373718075/
36;+17787694481 ;/info/17787694481/
37;+13068016085 ;/info/13068016085/
38;+14373718071 ;/info/14373718071/
39;+15488004071 ;/info/15488004071/
40;+14373718050 ;/info/14373718050/
41;+19029010849 ;/info/19029010849/
42;+15488004091 ;/info/15488004091/
43;+12048180923 ;/info/12048180923/
44;+13068016086 ;/info/13068016086/
45;+12048181143 ;/info/12048181143/
